day,mean_followers,p10,p50,p90
1,10.550297639199924,3.385047208165816,6.14880213243343,25.17517699477182
2,22.713731708179214,8.660450028774697,16.34480884578226,44.96122182192248
3,36.762404557880785,15.625548153050687,30.236508294195104,66.9578537219574
4,53.0323638554092,24.383228065402747,46.13031755817491,91.43901628769551
5,71.85965234452947,35.176762581109976,63.83499748801088,119.2721431043619
6,87.0200474895082,44.682596300828735,78.58418542910907,140.67358886019213
7,103.7117559150549,55.3450303961896,94.52606049516413,164.3692603102746
8,130.27294183741904,71.47124457907918,119.90252063145354,201.61855895838528
9,160.8221769800655,90.54703625273669,148.8045333724074,246.6694715415348
10,196.23489273150645,112.44065171414728,182.37740459569648,298.8447036813813
11,236.93579353661417,137.99076874579734,220.81607708325075,356.7860741330413
12,283.92264483528896,166.5748627853462,264.80557669349696,425.80828402630675
13,321.76389720107693,191.06552307318685,300.24915468317124,478.98132702930116
14,363.72057355957855,217.78563191000362,339.7057128253522,540.7681139889792
15,429.9056968437258,257.46918043573436,401.73849083042165,636.3580034294325
16,506.5025457660964,304.10815164508875,473.09388115855535,747.233208418241
17,595.0743103557613,357.9656175758765,556.9030199937813,879.2003024632406
18,696.902523606426,419.355940622948,650.1430719033749,1028.3882151112673
19,813.3492239221887,488.52846041271437,759.0220535785982,1201.0614100215746
20,908.2777692620192,545.9086605201456,845.9938850443064,1343.218906399867
21,1013.0942787029268,607.752631616569,943.6731476287284,1498.5130399062818
22,1178.8011081878074,703.7836543758777,1097.3662575765256,1748.1108678273006
23,1369.1431556149041,817.7234160197455,1271.8625163290096,2029.0856597158863
24,1589.5004721541363,942.0832775157521,1477.0808255282673,2365.1878651935886
25,1844.9290199272918,1086.2079818085658,1710.4845189696873,2767.705709344851
26,2138.393543034777,1254.7633861780444,1982.9502161721828,3211.307368106979
27,2374.5955015887344,1392.2519319764053,2198.544128803932,3575.5378755847046
28,2636.770865528355,1545.8735241355098,2445.1004795468343,3984.8623412272523
29,3051.2304941520924,1774.134872305031,2821.082032728511,4616.242391402433
30,3530.4505058898217,2039.593443878662,3258.050034410321,5376.887018998386
31,4083.053468348942,2351.891265512102,3761.9943005368177,6214.171434818308
32,4719.087493931464,2710.363286327766,4335.047559591536,7243.839570686602
33,5450.884436951606,3107.665565345374,5000.810602825335,8371.762297780431
34,6045.1736171298,3423.0372359398625,5544.927120104079,9295.480504253343
35,6696.949417651034,3796.6314986897846,6148.592245257732,10318.747132262142
36,7728.333224640666,4365.195821173301,7069.486319966846,11929.090598625693
37,8924.181110508429,4998.865323896192,8149.355970817109,13843.403041240921
38,10315.870834660127,5722.632559055108,9424.979676246601,16084.97068228068
39,11907.999950693713,6565.8357385246845,10877.080066535813,18601.193831834553
40,13737.438408402917,7523.009106921302,12525.334680660253,21512.513562322525
41,15211.528853448299,8290.23006296395,13868.835629728765,23833.88657284949
42,16849.52461208094,9160.604937628803,15367.621540767468,26496.298628457647
43,19434.177435178106,10523.995769881498,17721.91871323699,30717.99172593549
44,22406.817762465398,12034.765280154543,20418.63911349949,35463.86885510952
45,25822.794303160663,13789.212912522567,23478.59809593887,40958.46801022439
46,29796.903935363876,15835.743671688628,27010.36063681617,47438.09522129794
47,34400.27113095771,18174.793575320666,31193.69093329629,54811.48405790183
48,38101.85533981615,20113.57210111618,34577.52524187698,61005.145556036216
49,42202.46042718891,22199.26662990348,38214.208344392755,67479.66253684965
50,48724.20840671465,25525.49797197806,44062.290513059765,77979.00613831944
51,56159.6926451376,29085.174949750166,50515.56613317955,90537.71907262527
52,64818.097717874065,33314.86364238664,58211.61928309394,104534.7935494985
53,74706.63856075618,38102.59406987785,66775.52298588594,121008.63664569712
54,86093.43443371143,43657.10690160008,77133.8433943346,139815.02750192344
55,95357.99879789264,48029.47849729478,85423.86586719741,154777.09485682784
56,105605.7942603193,53271.04829279781,94453.72085517948,171903.55574070057
57,121869.22640484542,60937.93977286518,108894.75436301062,199016.86149026317
58,140529.27066773697,69921.1596988046,125644.73575438124,229175.26430283466
59,162171.66579782323,80009.05146718345,144465.52195003873,264910.06030971947
60,187006.96252418886,91997.98907628981,166298.94307374075,307982.18874194537
61,215701.64674464936,105345.31124116026,191437.08459305094,354742.77838290966
62,238976.39712755982,116173.13379390394,211959.79494487657,393354.29330691835
63,264678.3605161036,128495.72676702066,234767.23192291002,436054.69447706133
64,305161.063044998,147414.82991739514,269978.5700532718,505417.03335560183
65,352043.01309560676,168873.23539773293,310265.9739836545,585338.8035140118
66,406139.0408612572,193325.23650654193,358242.45618712483,677142.1073701433
67,468480.1810243764,221796.66110674446,412049.81255063077,784376.8253743945
68,540088.6366288433,253830.50384234634,473964.00839880947,906855.227280666
69,597833.9293320398,280304.89111507335,524704.5645644802,1006079.8923664907
70,661637.7116276388,309022.54367467907,579216.4087928728,1114905.4425194364
71,762827.3442348129,354783.8060756362,666690.2594320208,1284860.2077469723
72,879715.1178661297,405455.3797111361,769794.0166744741,1480070.6579864228
73,1014573.7233787262,466523.089637903,886366.7214901999,1710422.798201004
74,1169870.096557262,533103.918800051,1023112.6997522871,1982188.786063843
75,1349662.5508495148,610636.9827203271,1176103.996912187,2291756.5930006187
76,1494373.8849205459,673687.8513437904,1302145.573564143,2539005.1508730026
77,1653470.085584796,743198.9962794683,1436155.1975859888,2815540.1667060014
78,1905311.5578044045,849549.9018925922,1648329.3154720762,3241868.541104896
79,2196896.1285440484,972703.1155922263,1904676.0131704113,3755192.5104394318
80,2535569.2441777373,1115573.9684405536,2192462.0292381207,4338315.148672782
81,2924885.2234966187,1283227.517822855,2519021.103685756,5025923.612619031
82,3371696.794225425,1473028.661341922,2909410.5386252934,5793974.7423427645
83,3731577.441036953,1624114.5497714146,3207991.641591563,6434274.421466517
84,4132925.3452647035,1787446.8363172847,3553575.615188047,7119280.968838773
85,4764772.125794075,2056062.8557308747,4106369.9532292085,8194240.750938182
86,5495142.614000936,2361833.456555566,4725591.199105626,9499615.320490189
87,6340079.97462938,2713852.0701190108,5459918.984579957,10968239.42367733
88,7313235.998821777,3124675.2029636856,6287954.44570213,12652401.351251394
89,8439180.648031402,3570413.58450227,7237984.171906324,14635850.872373223
90,9345285.837889481,3939842.748102309,8001545.133197619,16213163.691826694
